Exercise Name,Body Part Engaged
Single Leg Dumbbell Side Bridge,"Abs, Hip"
Unilateral Lat Stretch on the Wall,"Back / Wing, Erector Spinae"
Forward Bend,"Erector Spinae, Hip, Leg"
Burpee Long Jump,"Cardio, Full Body"
Pendulum Lunge,"Hip, Leg"
Burpee With Push-Up,Full Body
Dumbbell Jefferson Curl,"Erector Spinae, Hip, Leg"
Bodyweight Standing Calf Raise,Calf
Standing Calf Raise With Dumbbell,Calf
Step Behind Rotational Med Ball Throw,Full Body
Cable Single Arm Hammer Curl,"Biceps, Forearm"
Heel-Elevated Goblet Squat,"Hip, Leg"
Seated Barbell Finger Curl,Forearm
Plate Push,Full Body
Body Saw Plank,"Abs, Full Body"
Standing Stomach Vacuum,Abs
Leg Swings Front to Back,"Hip, Leg"
Weighted Muscle-Up,"Back / Wing, Calisthenic"
PVC Hip Hinge,"Erector Spinae, Hip"
Bear Crawl,"Abs, Cardio, Full Body"
High Plank,"Abs, Calisthenic"
Clean and Jerk,Full Body
Band Assisted Muscle-Up,"Back / Wing, Calisthenic"
Top Half Pull-up,Back / Wing
Eccentric Pull-Up,Back / Wing
Wrist Rotations,Forearm
Barbell Hip Thrusts,Hip
One-Arm Single-Leg Bench Dips,Triceps
Bodyweight Plie Squat,"Hip, Leg"
Lean Planche,"Abs, Calisthenic, Full Body"
Full Planche,"Abs, Calisthenic, Full Body"
Side Plank Hip Adduction,"Abs, Full Body, Hip"
Single-Leg Dumbbell Hip Thrust,Hip
Barbell JM Press,Triceps
Bench Press,Chest
Smith Machine Squat,"Hip, Leg"
Dumbbell Cossack Squat,"Hip, Leg"
Seated Barbell Shoulder Press,Shoulders
Dumbbell Goblet Squat,"Hip, Leg"
Curtsy Lunge,"Hip, Leg"
Medicine Ball Rotational Throw,Abs
5 Dot Drills,"Cardio, Hip, Leg"
High Knee Lunge on Bosu Ball,"Hip, Leg"
Standing Leg Circles,"Hip, Leg"
Static Lunge,"Hip, Leg"
Navy Seal Burpee,"Cardio, Full Body"
Seated Zottman Curl,"Biceps, Forearm"
Dumbbell Walking Lunge,"Full Body, Hip, Leg"
Dumbbell Push Press,"Full Body, Shoulders"
Standing Barbell Concentration Curl,Biceps
Dumbbell Good Morning,"Erector Spinae, Hip, Leg"
Dumbbell Squat,"Hip, Leg"
Depth Jump to Hurdle Hop,"Cardio, Hip, Leg"
Waiter Curl,Biceps
Power Lunge,"Cardio, Hip, Leg"
Shadow Boxing,Cardio
Standing Dumbbell Shoulder Press,Shoulders
Dumbbell Deadlift,"Erector Spinae, Full Body, Hip, Leg"
Dumbbell Sumo Deadlift,"Erector Spinae, Full Body, Hip, Leg"
Bodyweight Lunge,"Hip, Leg"
Frog Stand,Calisthenic
Backward Medicine Ball Throw,Full Body
Bulgarian Split Squat Jump,"Hip, Leg"
Warrior 1 Pose,Yoga
Warrior 2 Pose,Yoga
Warrior 3 Pose,Yoga
Humble Warrior Pose,Yoga
Reverse Warrior Pose (Viparita Virabhadrasana),Yoga
Ustrasana,Yoga
Utthita Trikonasana (Extended Triangle Pose),Yoga
Zercher Carry,Full Body
Wall Walk,"Calisthenic, Full Body"
One Arm Triceps Pushdown,Triceps
Kettlebell Hang Clean,Full Body
Dragon Flag,"Abs, Calisthenic"
Dumbbell Power Clean,Full Body
Dumbbell Devil Press,Full Body
Ab Coaster Machine,Abs
Overhead Shrug,Trapezius
Overhead Squat,Full Body
Tiger Yoga Pose,Yoga
Barbell Glute Bridge Two Legs on Bench,Hip
Ski Ergometer,Full Body
Riding Outdoor Bicycle,Cardio
Human Flag,"Calisthenic, Full Body"
Farmer's Walk,Full Body
Log Lift,Full Body
Tire Sledge Hammer,Full Body
Tire Flip,Full Body
Barbell Snatch,Full Body
Power Snatch,Full Body
Muscle Snatch,Full Body
Heaving Snatch Balance,Full Body
Arm Scissors,"Chest, Shoulders"
Side Arm Raises,Shoulders
Weighted Lateral Neck Flexion,Neck
Cross Crunch,Abs
Standing Cable Crunch,Abs
Walking,Cardio
Briskly Walking,Cardio
Weighted Lying Neck Extension (Neck Harness),Neck
Weighted Lying Neck Flexion (Neck Harness),Neck
Wrist Roller,Forearm
Seated Bench Leg Pull-in,Abs
Cross Body Mountain Climber,Abs
Gittleson Shrug,"Neck, Trapezius"
Running,Cardio
Sprint,Cardio
Barbell Hang Clean,Full Body
Arm Circles,Shoulders
Dumbbell Lateral Raise,Shoulders
Dumbbell Shoulder Press,Shoulders
Smith Machine Behind The Neck Press,Shoulders
Smith Machine Shoulder Press,Shoulders
Cable Lateral Raise,Shoulders
45 Degree Incline Dumbbell Row,"Shoulders, Trapezius"
Lever Shoulder Press,Shoulders
Standing Close Grip Military Press,Shoulders
Barbell Military Press (Overhead press),Shoulders
Diagonal Neck Stretch,Neck
Neck Rotation Stretch,Neck
Neck Flexion Stretch,Neck
Neck Extension Stretch,Neck
Walk Wave Machine,Cardio
Dumbbell Seated Neutral Wrist Curl,Forearm
Dumbbell Wrist Curl,Forearm
Barbell Reverse Wrist Curl,Forearm
Side Neck Stretch,Neck
Side Push Neck Stretch,Neck
Front and Back Neck Stretch,Neck
Chin Tuck,Neck
Jump Rope,Cardio
Stationary Bike,Cardio
Treadmill,Cardio
Incline Treadmill,Cardio
Rowing Machine,"Cardio, Full Body"
Manual Treadmill,Cardio
Elliptical Machine,Cardio
Stair Climber Machine,Cardio
Prone Cervical Extension,Neck
Dynamic Wrist Stretches,Forearm
Kneeling Neck Stretch,Neck
Dumbbell Chest Supported Lateral Raises,Shoulders
Dumbbell 6 Way Raise,Shoulders
Dumbbell 4 Way Lateral Raise,Shoulders
Smith Machine Reverse Kickback,Hip
Double Arm Dumbbell Curl,Biceps
Seated Back Extension,Erector Spinae
Dumbbell Shrug,Trapezius
Incline Chest Fly Machine,Chest
Cable Shrug,Trapezius
Barbell Shrug,Trapezius
Behind The Back Barbell Shrug,Trapezius
Dumbbell Incline Shrug,Trapezius
Prone Incline Shrug,Trapezius
Lever Shrug,Trapezius
Alternating Dumbbell Front Raise,Shoulders
Two Arm Cable Front Raise,Shoulders
Two Arm Dumbbell Front Raise,Shoulders
Dumbbell Front Raise,Shoulders
Cable Front Raise,Shoulders
Leaning Single Arm Dumbbell Lateral Raise,Shoulders
Seated Behind Neck Press,Shoulders
Rear Delt Fly Machine,"Shoulders, Trapezius"
Seated Rear Lateral Dumbbell Raise,Shoulders
Half Arnold Press,Shoulders
Arnold Press,Shoulders
Seated Dumbbell Lateral Raise,Shoulders
Lever Gripless Shrug,Trapezius
Cable Rear Delt Fly,"Shoulders, Trapezius"
Bent Over Lateral Raise,"Shoulders, Trapezius"
Bent Arm Lateral Raise,Shoulders
Cable Upright Row,"Shoulders, Trapezius"
Elbow To Knee Twists,Cardio
Face Pull,"Shoulders, Trapezius"
Half Kneeling High Cable Row Rope,"Shoulders, Trapezius"
Leaning Cable Lateral Raise,Shoulders
Dumbbell Raise,"Shoulders, Trapezius"
Dumbbell Upright Row,"Shoulders, Trapezius"
Weighted Neck Harness Extension,Neck
Lying Weighted Neck Flexion,Neck
Lying Weighted Neck Extension,Neck
Lever Neck Right Side Flexion (plate loaded),Neck
Lever Neck Extension (plate loaded),Neck
Cable Seated Neck Flexion with head harness,Neck
Cable Seated Neck Extension with head harness,Neck
Alternate Leg Raises,Abs
Bhekasana Frog Pose,Yoga
Balasana | Child Pose,Yoga
Anuvittasana | Standing Backbend Pose,Yoga
Anjaneyasana | Low Lunge Pose,Yoga
Eka Pada Setu Bandha Sarvangasana,Yoga
Dandayamana Bharmanasana | Balancing Table Pose,Yoga
Chaturanga Dandasana | Low Plank Pose,Yoga
Bitilasana | Cow Pose,Yoga
Side Bend With Resistance Band,N/A
Calf Raise with Resistance Band,Calf
Pada Hastasana | Hands to Feet Pose,Yoga
Titli Asana | Butterfly Pose,Yoga
Baddha Konasana | Butterfly Pose,Yoga
Makarasana - Crocodile Pose,Yoga
Ardha Uttanasana | Standing Half Forward Bend,Yoga
Ardha Kapotasana - Half Pigeon Pose,Yoga
Advasana | Reverse Corpse Pose,Yoga
Adho Mukha Vrksasana Yoga | Handstand Pose,Yoga
Adho Mukha Svanasana | Downward Facing Dog,Yoga
Tadasana | Mountain Pose,Yoga
Supta Baddha Konasana | Reclining Bound Angle,Yoga
Viparita Karani | Legs ups the Wall Pose,Yoga
Supta Matsyendrasana | Supine Spinal Twist,Yoga
Samakonasana | Straight Angle Pose,Yoga
Shoulderstand | Salamba Sarvangasana,Yoga
Nauka Sanchalanasan | Rowing the Boat Pose,Yoga
Malasana | Squat Pose or Garland Pose,Yoga
Full Lotus Pose,Yoga
Halasana | Plow Pose,Yoga
Locust Pose,Yoga
Wheel Pose | Chakrasana | Urdhva Dhanurasana,Yoga
Garudasana | Eagle Pose,Yoga
Crab Pose,Yoga
Childs Pose To Cobra Pose,Yoga
Camel Pose,Yoga
Bridge Pose,Yoga
Saithalyasana (Animal Relaxation Pose),Yoga
Lever Front Pulldown,Back / Wing
Pull-Up,"Back / Wing, Calisthenic"
Cable Rear Pulldown,Back / Wing
Lat Pulldown,Back / Wing
Seated Cable Row,Back / Wing
Barbell Bent Over Row,"Back / Wing, Erector Spinae, Full Body"
Cable Straight Arm Pulldown,Back / Wing
Legless Rope Climb,"Back / Wing, Calisthenic, Full Body"
Push-up Toe Touch,"Cardio, Full Body"
Lever T-Bar Row,Back / Wing
Dumbbell Row,Back / Wing
Bent Over Dumbbell Row,"Back / Wing, Erector Spinae, Full Body"
Dumbbell Bent Over Reverse Grip Row,Back / Wing
Reverse Lat-Pulldown,Back / Wing
Muscle-Up,"Back / Wing, Calisthenic, Full Body"
Barbell Squat,"Hip, Leg"
Seated Row Machine,Back / Wing
One Arm Cable Row,Back / Wing
Reverse Grip Barbell Row,Back / Wing
Crunches,Abs
Leg Press,Leg
Mountain Climber,"Abs, Cardio"
Bicycle Crunch,"Abs, Cardio"
Lying Scissor Kick,Abs
Plie Dumbbell Squat,"Hip, Leg"
Deadlift,"Back / Wing, Erector Spinae, Hip, Leg"
Dumbbell Kickback,Triceps
Dumbbell Curl,Biceps
Barbell Curl,Biceps
Leg Raise,Abs
Oblique Floor Crunches,Abs
T-Cross Sit-up,"Abs, Cardio"
Leg Curl,Leg
One-Arm Reverse Pushdown,Triceps
Push-down,Triceps
Concentration Curl,Biceps
Seated Leg Curl,Leg
Dead Bug,Abs
Decline Sit-up,Abs
Leg Extension,Leg
Reverse Crunch,Abs
Bench Dips,Triceps
Triceps Dips,Triceps
Dumbbell Preacher Curl,Biceps
EZ Bar Preacher Curl,Biceps
Hammer Curl,Biceps
Seated Incline Dumbbell Curl,Biceps
Barbell Seated Calf Raise,Calf
Kneeling Cable Crunch,Abs
Heel Touch,Abs
One-Arm Lying Triceps Extension,Triceps
Bodyweight Military Press,"Shoulders, Trapezius"
Lever Preacher Curl,Biceps
High Cable Single Arm Bicep Curl,Biceps
Cable Rope Overhead Triceps Extension,Triceps
Lever Triceps Dip,Triceps
Romanian Deadlift,"Back / Wing, Erector Spinae, Hip, Leg"
Pec Deck Fly,Chest
Dumbbell Pullover,Chest
Low Cable Crossover,Chest
High Cable Crossover,Chest
Cable Upper Chest Crossovers,Chest
Incline Barbell Bench Press,Chest
Dumbbell Fly,Chest
Dumbbell Bench Press,Chest
Cable Crossover,Chest
One-Arm Cable Chest Press,Chest
Lying Barbell Triceps Extension,Triceps
One Arm Cable Curl,Biceps
Push Press,"Full Body, Shoulders"
Single-Arm Cable Crossover,Chest
Incline Dumbbell Fly,Chest
Incline Dumbbell Press,Chest
Reverse Grip Incline Dumbbell Press,Chest
Sphinx Stretch,"Erector Spinae, Neck"
Standing Rotation,Abs
Upper Back Stretch,Back / Wing
Cable Tricep Kickback,Triceps
Machine Fly,Chest
Barbell Reverse Curl,Forearm
Barbell Hack Squat,"Hip, Leg"
Triceps Dips on Floor,Triceps
Kneeling High Pulley Row,"Back / Wing, Trapezius"
Cable One-Arm Wrist Curl On Floor,Forearm
Barbell Sumo Squat,"Hip, Leg"
Lever Standing Rear Kick,Hip
Dumbbell Seated Front and Back Tate Press,Triceps
Decline Dumbbell Press,Chest
Good Morning,"Erector Spinae, Hip, Leg"
Dumbbell Bulgarian Split Squat,Leg
Weighted Back Extension,Erector Spinae
Lever Incline Chest Press,Chest
Dumbbell Romanian Deadlift,"Erector Spinae, Hip, Leg"
Hack Squats Machine,Leg
Hand Gripper,Forearm
Sumo Deadlift,"Back / Wing, Erector Spinae, Hip, Leg"
Half Kneeling Lat Pulldown,Back / Wing
Power Skips,Cardio
Plyo Jacks,Cardio
Split Jacks,Cardio
Pistol Squat,Leg
Butt Kicks,Cardio
Fast Feet Run,Cardio
Wheel Run,Cardio
Dumbbell Lunge,"Hip, Leg"
Dumbbell Straight Leg Deadlift,"Back / Wing, Erector Spinae, Leg"
Lever Side Hip Abduction,"Hip, Leg"
Bodyweight Sumo Squat,"Hip, Leg"
Hawaiian Squat,Leg
Lever Standing Leg Raise,Leg
Lever Side Hip Adduction,"Hip, Leg"
Barbell Bulgarian Split Squat,Leg
Lever Deadlift,Leg
Dumbbell Rear Lunge,"Hip, Leg"
Barbell Lunge,Leg
Barbell Lateral Lunge,"Hip, Leg"
Leg Press Calf Raise,Calf
Side Lunge,Leg
Standing Hip Abduction,Hip
Cable Hip Adduction,"Hip, Leg"
Zig Zag Hops Plyometric,"Cardio, Leg"
Bodyweight Squat,"Cardio, Hip, Leg"
Upavistha Konasana,"Leg, Yoga"
Side Lying Clam,Hip
Seated Hamstring Stretch,"Erector Spinae, Leg"
Hack Squat Calf Raise,Calf
Kneeling Quad Stretch,Leg
Lateral Speed Step,"Cardio, Leg"
Kettlebell Single Leg Deadlift,"Erector Spinae, Hip"
Seated Groin / Adductor Stretch,Leg
Reverse Lunge Knee Lift,"Hip, Leg"
Lying Hamstring Stretch,Leg
Curtsy Squat,"Cardio, Hip, Leg"
Cable Goblet Squat,"Hip, Leg"
Cable Donkey Kickback,Hip
Bridge Hip Abduction,Hip
Standing Toe Touch,Abs
Thigh fly (Adductor Magnus Stretch),"Hip, Leg"
Split Jump Squat,"Cardio, Hip, Leg"
Cossack Squat,"Hip, Leg"
Glute Kickback Machine,Hip
Lever Seated Calf Raise,Calf
Single Leg Calf Raise,Calf
Crunch With Leg Raise,Abs
Alternate Lying Floor Leg Raise,Abs
Chest Dips,Chest
Hack Machine One-Leg Calf Raise,Calf
Assisted Chest Dip,Chest
Donkey Calf Raise,Calf
Lever Donkey Calf Raise,Calf
Standing Calf Raise on the Bench Press Machine,Calf
Lying Cable Fly,Chest
Drop Push-Up,Chest
Weighted Crunch,Abs
Seated Side Crunch,"Abs, Leg"
Standing Cross Leg Hamstring Stretch,"Calf, Hip, Leg"
Backward Jump,"Cardio, Leg"
Jumping jack,"Cardio, Leg"
Single Leg Broad Jump,"Cardio, Leg"
Incline Leg Hip Raise,Abs
Bodyweight Windmill,"Abs, Leg"
Front to Side Plank,Abs
Tuck Crunch,Abs
Dumbbell Side Bend,Abs
Double Leg Stretch,Abs
Spider Plank,"Abs, Cardio"
Captains Chair Leg Raise,"Abs, Calisthenic"
Bench Side Bend,Abs
Crab Twist Toe Touch,Abs
Quarter Sit-up,Abs
Weighted Sit-ups,Abs
Lying Knee Raise,Abs
Floor Crunch,Abs
Ez Bar Upright Row,"Shoulders, Trapezius"
Inner Chest Press Machine,Chest
Decline Dumbbell Fly,Chest
Incline Dumbbell Hammer Press,Chest
Run in Place,Cardio
Jump Squats,"Cardio, Hip, Leg"
Kneeling Cable Triceps Extension,Triceps
Cable Rear Drive,Triceps
Short Stride Run,Cardio
Hyperextension,Erector Spinae
Reverse Plank,"Abs, Hip"
Dumbbell Lying One-Arm Rear Lateral Raise,Shoulders
Lateral Raise Machine,Shoulders
Scott Press,Shoulders
Band Pull-Apart,"Shoulders, Trapezius"
Bent Over Reverse Cable Fly,"Shoulders, Trapezius"
Bent-Over Barbell Reverse Raise,"Shoulders, Trapezius"
Weighted Round Arm,Shoulders
Weight Plate Front Raise,Shoulders
Dumbbell Upward Fly,Chest
Two Arm Cable Lateral Raise,Shoulders
Landmine Squat to Press,"Full Body, Hip, Leg, Shoulders"
Cable Shoulder Press,Shoulders
Barbell Rear Delt Raise,"Shoulders, Trapezius"
Double Cable Front Raise,Shoulders
Standing Hip Extension,Hip
Standing Smith Machine Shoulder Press,Shoulders
Dumbbell W Press,Shoulders
Dumbbell One Arm Shoulder Press,Shoulders
Dumbbell Scaption,Shoulders
Barbell Clean and Press,"Full Body, Leg, Shoulders"
Dumbbell Cuban Press,Shoulders
Dumbbell Cuban External Rotation,Shoulders
Standing Alternating Dumbbell Shoulder Press,Shoulders
Narrow Grip Wall Push-Up,"Chest, Triceps"
Cable External Shoulder Rotation,Shoulders
Cable Internal Shoulder Rotation,Shoulders
Across Chest Shoulder Stretch,"Back / Wing, Shoulders"
Standing Reach Up Back rotation Stretch,"Back / Wing, Shoulders"
Shoulder Stretch Behind The Back,"Back / Wing, Chest, Shoulders, Triceps"
Incline Dumbbell Side Lateral Raise,Shoulders
Body Ups,Triceps
Bench Glute Flutter Kicks,Hip
Dumbbell Side Lying Rear Delt Raise,Shoulders
Dumbbell Lateral Step Up,"Hip, Leg"
Smith Machine Bent Over Row,Back / Wing
Incline Reverse Grip Dumbbell Row,Back / Wing
Lateral Step-up,"Cardio, Leg"
Step Up + Opposite Elbow to Knee Twist,"Cardio, Leg"
Band Assisted Sprinter Run,Cardio
Barbell Step-Up,"Hip, Leg"
Power Clean,Full Body
Barbell Pullover,"Back / Wing, Chest"
Lying Cable Pullover,"Back / Wing, Chest"
Weighted Pull-up,Back / Wing
Reverse grip Pull-up,Back / Wing
Close Grip Chin Up,"Back / Wing, Calisthenic"
Assisted Pull-up,Back / Wing
Lying Cable Reverse Fly,Shoulders
Floor Hyperextension,"Erector Spinae, Neck"
Flat Bench Hyperextension,Erector Spinae
Lying Glute Stretch,"Hip, Leg"
Decline Chest Press Machine,Chest
Lying Chest Press Machine,Chest
Wall Push-up,"Chest, Triceps"
Cable Lying Triceps Extensions,Triceps
Single Arm Circles,Shoulders
Lying Dumbbell Leg Curl,Leg
Standing Barbell Calf Raise,Calf
Table Inverted Row,Back / Wing
Chair Dips,Triceps
Reverse Hyperextension Machine,"Erector Spinae, Hip"
Stability Ball Knee Tuck,Abs
Smith Machine Hex Press,Chest
Close-grip Incline Dumbbell Press,Chest
Hanging Knee Raises,"Abs, Calisthenic"
Hanging Side Knee Raises,"Abs, Calisthenic"
Smith Machine Shrug,Trapezius
Hanging Windshield Wiper,"Abs, Calisthenic"
Toes to Bar,"Abs, Calisthenic"
Weighted Hanging Knee Raises,Abs
Kneeling Push-up,Chest
Lying Cable Curl,Biceps
Zottman Curl,Biceps
Dumbbell Reverse Curl,"Biceps, Forearm"
Seated Close-Grip Concentration Curl,Biceps
Biceps Leg Concentration Curl,Biceps
Prone Incline Barbell Curl,Biceps
Overhead Cable Curl,Biceps
Seated Hammer Curl,"Biceps, Forearm"
Seated Biceps Curl,Biceps
Seated One-Arm Dumbbell Triceps Extension,Triceps
Seated Dumbbell Triceps Extension,Triceps
Cable One Arm Lat Pulldown,Back / Wing
Decline Cable Fly,Chest
Single Arm Cable Preacher Curl,Biceps
Smith Machine Bench Press,Chest
Cable Concentration Curl,Biceps
Smith Machine Incline Bench Press,Chest
Reverse Grip Machine Row,Back / Wing
Reverse Grip EZ-Bar Curl,"Biceps, Forearm"
Dumbbell Scott Hammer Curl,"Biceps, Forearm"
Lever Triceps Extension,Triceps
Bench Dips on Floor,Triceps
Teaser Pilates,Abs
Seated Oblique Twist,Abs
Turkish Get-up,Full Body
Parallel Bar Dips,"Calisthenic, Chest, Triceps"
Bodyweight Hip Thrust,Hip
Close Grip Cable Row,Back / Wing
Rope Straight Arm Pulldown,Back / Wing
Side Bridge,Abs
V-bar Lat Pulldown,Back / Wing
One-Arm Barbell Row,Back / Wing
Plank With Arm And Leg Lift,"Abs, Hip, Leg"
T-Bar Row,"Back / Wing, Erector Spinae"
Weighted Front Plank,"Abs, Leg"
Backward Running,Cardio
Dumbbell Lateral to Front Raise,Shoulders
Resistance Band Bicycle Crunch,N/A
Incline Cable Row,Back / Wing
One-Arm Bent Over Cable Lateral Raise,Shoulders
Cable Bent Over Row,Back / Wing
Standing Side Bend Stretch,Back / Wing
Handstand Push-Up,"Calisthenic, Shoulders"
EZ Bar Underhand Press,Shoulders
Back and Pec Stretch,"Back / Wing, Chest"
Lying High Bench Barbell Curl,Biceps
Single Leg Bridge,Hip
Partner Donkey Calf Raise,Calf
Double Cable Neutral Grip Lat Pulldown On Floor,Back / Wing
Cable Side Bend,Abs
Dumbbell Lying External Shoulder Rotation,Shoulders
Lever Incline Hammer Chest Press,Chest
Lever Crossovers,Chest
Incline Dumbbell Reverse Fly,"Shoulders, Trapezius"
Incline Dumbbell Y-Raise,"Shoulders, Trapezius"
Dumbbell Incline T-Raise,"Shoulders, Trapezius"
Dumbbell Skull Crusher,Triceps
Dumbbell Incline Two-Arm Extension,Triceps
One-Arm Pronated Dumbbell Triceps Extension,Triceps
Cable Rope Hammer Curl,Biceps
Seated EZ-Bar Overhead Triceps Extension,Triceps
Incline Barbell Row,Back / Wing
Smith Machine Good Morning,"Erector Spinae, Hip, Leg"
Reverse Grip Dumbbell Bench Press,Chest
Cable Pull Through,"Erector Spinae, Hip"
Bench Supported Dumbbell External Rotation,Shoulders
Kneeling Single Arm High Pulley Row,Back / Wing
Barbell Side Bend,Abs
Seated Barbell Twist,Abs
Bent Over Twist,Abs
Dumbbell Seated Bent Over Rear Delt Row,Shoulders
Cable Incline Triceps Extension,Triceps
Lever Chest Press,Chest
Incline Push-up,Chest
Svend Press,Chest
Dumbbell V-up,Abs
Reverse Push-up,"Calisthenic, Chest, Triceps"
Dumbbell Standing Palms In Press,Shoulders
Side Shuttle,Cardio
Biceps Curl Machine,Biceps
Dumbbell High Curl,Biceps
Lying Shoulder Press,Shoulders
Cable Side Triceps Extension,Triceps
Dumbbell Rear Delt Row,Shoulders
Lever Lying Crunch,Abs
Lever Lateral Raise,Shoulders
Alternate Dumbbell Bench Press,Chest
Twisting Hyperextension,"Abs, Erector Spinae"
Squat Hold Calf Raise,Calf
Ab Roller Crunch,Abs
Incline EZ-Bar Triceps Extension,Triceps
Bodyweight Walking Lunge,Leg
High Pulley Overhead Tricep Extension,Triceps
Rope Pushdown,Triceps
Reverse Grip Pushdown,Triceps
Standing Cable High-To-Low Twist,Abs
Standing Cable Low-To-High Twist,Abs
Standing Cable Twist,Abs
Cross Arm Push-up,"Calisthenic, Triceps"
Upside Down Pull-up,"Back / Wing, Calisthenic"
Cable Concentration Tricep Extension,Triceps
Tuck Jump,Cardio
L-Sit,"Abs, Calisthenic"
Close-Grip Dumbbell Press,"Chest, Triceps"
Wall Sit,"Hip, Leg"
High Knee Squat,"Abs, Cardio, Hip, Leg"
Swimming,"Back / Wing, Erector Spinae, Hip, Trapezius"
Boxer Shuffle Cardio,Cardio
Jab Boxing,Cardio
Punches,Cardio
Right Uppercut,Cardio
Right Cross,Cardio
Hook Kick,Cardio
Boxing Right Cross,Cardio
Clap Push-Up,"Calisthenic, Chest"
Walking High Knee Lunges,Cardio
High Knees Lift Run,Cardio
Above Head Chest Stretch,Chest
Dynamic Chest Stretch,Chest
Kettlebell Pistol Squats,Leg
Kettlebell One-Arm Military Press,Shoulders
Frog Reverse Hyperextension,"Erector Spinae, Hip"
Kettlebell Split Snatch,"Hip, Leg, Shoulders"
Kettlebell Windmill,"Abs, Shoulders"
Kettlebell Swings,"Abs, Full Body, Hip, Leg, Shoulders"
Kettlebell Arnold Press,Shoulders
Bent Over Rear Delt Fly | Gymstick,"Shoulders, Trapezius"
Bodyweight Single Leg Deadlift,Hip
Brachialis Pull-up,"Back / Wing, Biceps"
Full Crunch Machine,Abs
Bodyweight Box Squat,"Hip, Leg"
Single Dumbbell Close-grip Press,"Chest, Triceps"
Front Plank with Arm Lift,Abs
Bhujangasana | Cobra Abdominal Stretch,"Abs, Neck, Yoga"
Step Up Single Leg Balance with Bicep Curl,"Hip, Leg"
Bird Dog,"Erector Spinae, Hip"
Ab Straps Leg Raise,"Abs, Calisthenic"
Dumbbell Step-Up,"Hip, Leg"
Belt Squat,"Hip, Leg"
Close Grip Lat-Pulldown,Back / Wing
Seated Cable Rope Row,"Back / Wing, Erector Spinae"
Lever Single Leg Curl,Leg
Reverse Lunge,"Hip, Leg"
Kneeling Diamond Push-Up,"Chest, Triceps"
Jack Burpees,Cardio
Single Leg Step Down,Leg
Behind The Back Barbell Wrist Curl,Forearm
Dips Between Chairs,"Calisthenic, Chest, Triceps"
Cable Seated Shoulder Internal Rotation,Shoulders
Half Kneeling Cable External Rotation,Shoulders
Landmine Lateral Raise,Shoulders
Cable Seated Pullover,Back / Wing
Seated Dumbbell Front Raise,Shoulders
Astride Jumps,Cardio
Boat Pose,"Abs, Leg"
Scapular Protraction and Retraction,"Back / Wing, Shoulders, Trapezius"
Dumbbell Glute Bridge,Hip
Ring Inverted Row,"Back / Wing, Calisthenic"
Push-up With Push-up Bars,Chest
Seated Twist Machine,Abs
Long Jump,"Cardio, Leg"
Lever Assisted Single Leg Press,Leg
Cable One-Arm Overhead Triceps Extension,Triceps
Standing Barbell Triceps Extension,Triceps
Nordic Hamstring Curl,Leg
Inverted Row,Back / Wing
Smith Machine Decline Bench Press,Chest
One Arm Decline Cable Fly,Chest
One Arm Kettlebell Snatch,"Full Body, Hip, Leg, Shoulders"
Lever Cable Rear Pulldown,Back / Wing
Close Grip Z-Bar Curl,Biceps
Dumbbell Scott Curl,Biceps
Cross Cable Face Pull,"Shoulders, Trapezius"
Shotgun Row,Back / Wing
Elbow Reverse Push-Up,"Back / Wing, Trapezius"
Impossible Dips,"Calisthenic, Full Body, Triceps"
Korean Dips,"Calisthenic, Chest, Full Body, Triceps"
Straight Bar Dip,"Calisthenic, Chest, Full Body, Triceps"
Inchworm,Abs
Weighted One Arm Pull-up,Back / Wing
Dumbbell One Arm Reverse Grip Press,Chest
Cable Crossover Lat Pulldown,Back / Wing
One Arm Landmine Row,"Back / Wing, Shoulders"
Front Plank With Arm And Leg Lift,"Abs, Cardio, Hip, Leg"
Horizontal Leg Press,Leg
Resistance Band Reverse Hyperextension,Hip
Resistance Band Seated Shoulder Press,Shoulders
Resistance Band Toe Touch,"Hip, Leg"
Barbell Curl On Arm Blaster,Biceps
Arm Blaster Hammer Curl,Biceps
Dumbbell Curl On Arm Blaster,Biceps
Lever One-Arm Chest Press,Chest
Weighted Lying Twist,Abs
Standing One Arm Chest Stretch,"Biceps, Chest, Forearm"
Kneeling Hip Flexor Stretch,"Hip, Leg"
Standing Quadriceps Stretch,Leg
Single-Arm Medicine Ball Push-Up,Chest
Stability Ball Decline Push-Up,Chest
Dumbbell Pullover On Stability Ball,Chest
Stability Ball Push-Up,Chest
Swiss Ball Rollout,Abs
Exercise Ball Wall Squat,"Hip, Leg"
Weighted Side Bend On Stability Ball,Abs
Exercise Ball Triceps Extension,Triceps
Stability Ball V-Up,Abs
Exercise Ball Frog Crunch,Abs
Leg Curl On Stability Ball,Leg
Dumbbell Decline One-Arm Hammer Press,"Chest, Triceps"
Bench Pike Push-up,"Calisthenic, Shoulders"
Pike Push-up,"Calisthenic, Chest, Shoulders"
Tall Kneeling One Arm Kettlebell Press,Shoulders
Kettlebell Clean and Jerk,"Cardio, Full Body, Hip, Leg, Shoulders"
Kettlebell Goblet Squat,"Hip, Leg"
Lever Reverse T-Bar Row,Back / Wing
One Arm Biceps Curl,Biceps
Kettlebell Deadlift,"Erector Spinae, Hip, Leg"
Kettlebell Bent Over Row,Back / Wing
Barbell Bench Front Squat,Leg
Dumbbell Burpees,"Cardio, Full Body"
Standing Toe Touches,"Erector Spinae, Leg"
Standing Side Toe Touching,Leg
Weighted Push-up,Chest
Band Lying Hip External Rotation,Hip
Full Range Of Motion Lat Pulldown,"Back / Wing, Shoulders"
Ski Step,Cardio
Dumbbell Split Jump,"Cardio, Hip, Leg"
Banded Step-up,"Hip, Leg"
Barbell Curtsey Lunge,Leg
Dumbbell Jump Squat,"Cardio, Full Body, Hip, Leg"
Barbell Split Squat,Leg
Lever Shoulder Press (Hammer Grip),Shoulders
Cable Seated Cross Arm Twist,Abs
All Fours Squad Stretch,Leg
Chin-Up,"Back / Wing, Biceps"
Wrist Ulnar Deviator And Extensor Stretch,Forearm
Reverse Wrist Stretch,Forearm
Wrist Stretch,Forearm
Burpees,"Abs, Cardio, Full Body, Hip, Leg"
Dumbbell Lying Rear Lateral Raise,Shoulders
Lever Biceps Curl,Biceps
Barbell Glute Bridge On Bench,N/A
Cable Incline Biceps Curl,Biceps
Lever Reverse Shoulder Press,Shoulders
Lever Kneeling Leg Curl,Leg
Standing Twist Machine,Abs
Side Lying Rear Delt Dumbbell Raise,Shoulders
Scapula Dips,"Shoulders, Trapezius"
Triceps Extension Machine,Triceps
Ez-Bar Incline Front Raise,Shoulders
Triceps Dip Machine,Triceps
Seated Crunch Machine,Abs
Push-Up Plus,"Chest, Trapezius"
Seated Toe Touches,"Back / Wing, Erector Spinae, Leg"
Vibration Plate,Cardio
L-Sit Pull-Up,"Back / Wing, Calisthenic, Full Body"
Back Lever,"Back / Wing, Calisthenic, Full Body, Shoulders"
Swing 360,"Back / Wing, Calisthenic"
Front Lever Pull-up,"Back / Wing, Calisthenic, Full Body"
Barbell Front Raise Twist,Shoulders
Reverse Hack Squat,"Hip, Leg"
Duck Walk,"Hip, Leg"
Single-Arm Push-up,"Calisthenic, Chest, Triceps"
Kettlebell Shoulder Press,Shoulders
Trap Bar Deadlift,Leg
Zercher Squat,"Hip, Leg"
Barbell Front Squat,Leg
Barbell Rollout,Abs
Landmine Twist,Abs
Frog Crunch,Abs
Ab Wheel Rollout,"Abs, Hip"
Wall-Supported Handstand Push-Ups,"Calisthenic, Shoulders, Triceps"
High Knees Against Wall,Cardio
Towel Shoulder Stretch,"Back / Wing, Shoulders, Triceps"
Standing Hamstring Stretch,"Calf, Hip, Leg"
Kettlebell Thruster,"Hip, Leg, Shoulders"
One Arm Dumbbell Snatch,"Full Body, Hip, Leg, Shoulders"
Single Leg Press,Leg
Vertical Mountain Climber,Cardio
Landmine Lunge,"Hip, Leg"
One-Arm Kettlebell Chest Press,Chest
Kettlebell Chest Press on the Floor,Chest
Weighted Seated Calf Raise,Calf
Wide Grip Bench Press,Chest
Decline Barbell Bench Press,Chest
Single Leg Extension,Leg
Smith Machine Leg Press,Leg
Band Front Lateral Raise,Shoulders
Smith Machine Lunge,"Hip, Leg"
Skater Squat,Leg
Shoulder Pendulum,Shoulders
One Arm Push Ups With Support,Chest
Band Standing Chest Press,Chest
Shrimp Squat,Leg
90-Degree Cable External Rotation,Shoulders
90-degree Cable Internal Rotation,Shoulders
Towel Leg Curl,"Hip, Leg"
Single Leg Hip Thrust Jump,"Cardio, Hip"
Seated Chest Stretch,Chest
Seated Ballerina Exercise,"Shoulders, Trapezius"
Seated Scapular Retraction Exercise,"Shoulders, Trapezius"
Foam Roller IT (iliotibial Band) Stretch,Leg
Foam Roller Back Stretch,"Back / Wing, Erector Spinae"
Foam Roller Rhomboids,"Back / Wing, Trapezius"
Foam Roller Glutes,Hip
Foam Roller Quads,Leg
Foam Roller Posterior Shoulder,Shoulders
Foam Roller Chest Stretch,Chest
Foam Roller Upper Back,"Back / Wing, Trapezius"
Foam Roller Lat Stretch,Back / Wing
Foam Roller Inner Thigh Adductor Stretch,"Hip, Leg"
Foam Roller Hamstrings,Leg
Foam Roller Front Shoulder and Chest,"Chest, Shoulders"
Foam Roller Plantar Fasciitis,Leg
Foam Roller Calves,Calf
Rotator Cuff Stretch,Shoulders
Assisted Reverse Stretch (Chest And Shoulder),"Chest, Shoulders"
Banded Foot External Rotation,Calf
Lying Upper Body Rotation,"Abs, Back / Wing, Chest, Erector Spinae, Shoulders"
Lever Pullover,Back / Wing
90/90 Hip Stretch,"Hip, Leg"
One Arm Chin-Up,"Back / Wing, Biceps"
Scapula Pull-up,"Back / Wing, Trapezius"
Archer Pull-up,"Back / Wing, Calisthenic, Full Body"
Jumping Pull-up,Back / Wing
Commando Pull-up,Back / Wing
Behind The Neck Pull-up,Back / Wing
Lever Decline Chest Press,Chest
Cable One-Arm Pulldown,Back / Wing
Bicycle Twisting Crunch,Abs
Decline Close-Grip Bench To Skull Crusher,Triceps
Barbell Decline Bent Arm Pullover,Back / Wing
Stiff Leg Deadlift,"Erector Spinae, Hip, Leg"
Dead Hang,Back / Wing
Kneeling Back Rotation,"Erector Spinae, Shoulders"
Serratus Wall Slide With Foam Roller,"Shoulders, Trapezius"
Fish Pose,"Abs, Chest, Neck, Yoga"
Hands In Air Dead Bug,Abs
Cross Body Push-up,"Cardio, Full Body"
Wall Supported Arm Raises,Shoulders
Backhand Raise,Shoulders
4 Point Tummy Vacuum Exercise,Abs
Isometric Pull-Up,Back / Wing
Dumbbell Preacher Hammer (Scott) Curl,"Biceps, Forearm"
One Arm Prone Dumbbell Curl,Biceps
Dumbbell Alternate Preacher Curl,Biceps
Two Dumbbell Preacher Curl,Biceps
Seated Flutter Kick,Abs
Seated Cable Twist,Abs
Dumbbell Seated Cuban Press,Shoulders
Kneeling Cable Shoulder Press,Shoulders
Flexor Incline Dumbbell Curls,Biceps
Dip Shrugs (Serratus Shrugs),Trapezius
Dumbbell Goblet Curtsey Lunge,Leg
Cable Forward Lunge,"Hip, Leg"
Kneeling Cable Pull Through,Hip
Cable Lunge,Leg
Cable Front Squat,"Hip, Leg"
Barbell One Arm Floor Press,"Chest, Triceps"
Barbell Alternate Biceps Curl,Biceps
Weighted Neutral Wrist Curl,Forearm
Incline Chest Press Machine,Chest
İncline Cable Fly,Chest
Bodyweight Kneeling Sissy Squat,"Abs, Leg"
Wide Grip Barbell Bent Over Row Plus,"Back / Wing, Trapezius"
Wide Grip Alternate Barbell Bent Over Row Plus,"Back / Wing, Trapezius"
Trap Bar Jump Squat,"Full Body, Hip, Leg"
Box Jump to Pistol Squat,"Cardio, Hip, Leg"
Box Jump 2 to 1,"Cardio, Hip, Leg"
Box Jump 1 to 2,"Cardio, Hip, Leg"
Single Leg Box Jump,"Cardio, Hip, Leg"
Bow Pose,"Abs, Erector Spinae, Leg, Yoga"
Cat Cow Pose,"Erector Spinae, Yoga"
Wall Slides,"Back / Wing, Shoulders"
Kneeling T-spine Rotation,"Abs, Back / Wing, Erector Spinae, Shoulders"
Plate Loaded Shoulder Press,Shoulders
Toe Extensor Stretch,Calf
Standing Barbell Rollout,Abs
Assisted Triceps Dips,Triceps
Side Plank Oblique Crunch,Abs
Reverse Chest Stretch,Chest
Medicine Ball-Sit-up Throw,"Abs, Full Body"
Standing Ankle Dorsiflexion,Calf
Standing Wall Calf Stretch,Calf
Standing Toe Up Achilles Stretch,Calf
Standing Toe Flexor Stretch,Calf
Standing Gastrocnemius Calf Stretch,Calf
Single Heel Drop Calf Stretch,Calf
Seated Straight Leg Calf Stretch,"Calf, Leg"
Lunging Straight Leg Calf Stretch,Calf
Posterior Tibialis Stretch,Calf
Foot and Ankles Stretches,Calf
Foot and Ankle Rotation,Calf
Calves Stretch Static Position,Calf
Single Leg Calves Stretch,Calf
Calf Stretch With Rope,Calf
Crouching Heel Back Calf Stretch,"Calf, Leg"
Chest Supported Dumbbell Front Raises,Shoulders
Barbell Jump Squat,"Full Body, Hip, Leg"
Side Bent,Abs
One-Arm Dumbbell Upright Row,"Shoulders, Trapezius"
Leg Scissors,Abs
Abdominal Bracing,"Abs, Yoga"
Single Arm Arnold Press,Shoulders
Cable Kneeling Biceps Curl,Biceps
Double Pigeon Pose,Yoga
Frog Pose,"Hip, Leg, Yoga"
Kneeling Landmine Press,"Chest, Shoulders"
Pike Push-Up Between Chairs,"Chest, Shoulders"
Handstand Walk,"Calisthenic, Full Body"
Handstand,"Calisthenic, Full Body"
ATG Split Squat,"Hip, Leg"
Kettlebell Clean and Press,"Full Body, Hip, Leg, Shoulders"
Dumbbell Z Press,Shoulders
Seated Piriformis Stretch,"Hip, Leg"
Barbell Pin Front Squat,"Hip, Leg"
Cable Y Raise,"Shoulders, Trapezius"
Lying Toe Touches,Abs
Climbing Monkey Bars,"Back / Wing, Full Body"
Supine Spinal Twist,"Back / Wing, Erector Spinae, Yoga"
Heel Touch Side Kick Squat,Leg
Alternate Dumbbell Lateral Raise,Shoulders
Back Slaps Wrap Around Stretch,"Back / Wing, Chest, Shoulders"
Reaction Ball Throw,"Chest, Shoulders, Triceps"
Front Rack PVC Stretch,Shoulders
Bodyweight Row in Doorway,Back / Wing
Lever High Row,"Back / Wing, Shoulders"
Dumbbell Floor Wipers,Abs
Hip Extension On Bench,Hip
Seated Calf Press on Leg Press Machine,Calf
Single Calf Raise on Leg Press Machine,Calf
Donkey Kick on Smith Machine,Hip
Glute Bridge on Bench,Hip
Stationary Bike Run,Cardio
Donkey Kick on Leg Extension Machine,Hip
Hip Thrust on The Leg Extension Machine,Hip
Hip Thrust Machine,Hip
Squat on The Abductor Machine,Hip
Barbell Single Leg Hip Thrust,Hip
Incline Dumbbell Hammer Row,Back / Wing
Pelvic Tilt,Hip
Glute Bridge One Leg on Bench,Hip
Unilateral Bridge,Hip
Side Bridge Hip Abduction,"Abs, Hip"
Straight Leg Kickback,Hip
Hands Bike,Cardio
Seated Cable Chest Press,Chest
Seated Cable Close Grip Chest Press,Chest
Cable Half Kneeling Pallof Press,"Abs, Chest, Shoulders"
Squat Tuck Jump,Cardio
Decline Bench Dumbbell Lunge,"Hip, Leg"
Standing Triceps Stretch,Triceps
Chest and Front of Shoulder Stretch,"Chest, Shoulders"
Forearm Push-up,"Calisthenic, Chest, Triceps"
Plate Loaded Seated Row,Back / Wing
Cable Two Arm Curl on Incline Bench,Biceps
Chin Up Around the Bar,"Back / Wing, Biceps"
Banded Standing Glute Kickback,Hip
Banded Seated Hip Abduction,Hip
Banded Single Leg Glute Bridge,Hip
Banded Glute Bridge,Hip
EZ-Bar Bent Arm Pullover,"Back / Wing, Triceps"
Lateral Leg Swings,"Hip, Leg"
Elbow Flexion,Biceps
Shoulder External Rotation,Shoulders
Shoulder Internal Rotation,Shoulders
Lateral Raise with Towel on Wall,Shoulders
Alternating Shoulder Flexion,Shoulders
Banded Walk,"Hip, Leg"
Band Side Lying Clam,Hip
Resistance Band Lateral Walk,"Hip, Leg"
Banded Glute Kickbacks,Hip
Banded Donkey Kicks,Hip
Banded Thigh Fly,Hip
Band Side Lying Leg Lift,Hip
Banded Fire Hydrant,Hip
Cable Pulldown Biceps Curl,Biceps
Kneeling Jump Squat,"Hip, Leg"
Banded Split Squat,Leg
Banded Kettlebell Goblet Squat,"Hip, Leg"
Banded Lunge,Leg
Banded Leg Curl,Leg
Standing Single Leg Curl Machine,Leg
Decline Dumbbell Leg Curl,Leg
Low Cable Tricep Kickback,Triceps
Banded Shoulder External Rotation,Shoulders
Banded Shoulder Flexion,Shoulders
Banded Shoulder Extension,"Back / Wing, Shoulders"
Banded Shoulder Adduction,"Back / Wing, Chest"
Kettlebell Front Squat,"Hip, Leg"
Single Knee To Chest,"Hip, Leg"
Pistol Squat to Box,"Hip, Leg"
Frog Pump,Hip
Landmine Deadlift,"Hip, Leg"
Landmine T-Bar Row,"Back / Wing, Erector Spinae"
1-2 Stick Drill,Cardio
Cable Twisting Standing High Row,Back / Wing
Band Biceps Curl,Biceps
Band Skull Crusher,Triceps
Single Arm Twisting Seated Cable Row,Back / Wing
Band Alternating Lat Pulldown,Back / Wing
Band Alternating Low Row with Twist,Back / Wing
Band Alternate Incline Chest Press,Chest
Band Single Arm Shoulder Press,Shoulders
Band Seated Hip External Rotation,Hip
Band Seated Hip Internal Rotation,Hip
Band Seated Row,Back / Wing
Band Pushdown,Triceps
Landmine Squat,"Hip, Leg"
Sissy Squat,Leg
Single Dumbbell Spider Hammer Curl,"Biceps, Forearm"
Decline Dumbbell Triceps Extension,Triceps
Dumbbell Tate Press,Triceps
Rack Pull,"Hip, Leg"
Handstand Push-ups Between Benches,"Calisthenic, Shoulders, Triceps"
Kipping Handstand Push-up,"Calisthenic, Full Body, Shoulders, Triceps"
Barbell Pendlay Row,"Back / Wing, Erector Spinae"
Standing Knee Hugs,"Hip, Leg"
Superman,"Erector Spinae, Neck"
Fire Hydrant,Hip
Step Up with Knee Raises,"Cardio, Leg"
Snap Jumps,"Abs, Cardio, Full Body, Hip, Leg"
Piriformis Stretch,"Hip, Leg"
Half Kneeling Hip Flexor Stretch,"Hip, Leg"
Barbell Glute Bridge,Hip
Cable Hip Extension,Hip
Cable Hip Abduction,Hip
Donkey Kicks,Hip
Bent-Over Dumbbell Rear Delt Raise With Head On Bench,Shoulders
Hanging Leg Raises,N/A
Side Plank Leg Raises,Abs
Reverse Plank Kicks,Abs
Hindu Push-ups,"Abs, Calisthenic, Erector Spinae, Shoulders"
High Knee Run,"Cardio, Hip, Leg"
High Knee Skips,"Abs, Cardio, Leg"
Double Crunches,Abs
Toe Reaches,Abs
Inner Thigh Side Stretch,"Calf, Hip, Leg"
Sit-ups,Abs
Side Plank,Abs
Plank Leg Lift,"Abs, Hip"
Plank Knee to Elbow,Abs
Russian Twist,Abs
Plank,Abs
Skater,"Cardio, Hip, Leg"
Leg Pull-in Knee-ups,Abs
Butterfly Stretch,"Hip, Leg"
Glute Bridge,"Abs, Hip"
Arm Leg Raises,"Erector Spinae, Hip"
Hollow Hold,Abs
Long Arm Crunch,Abs
Half Wipers,Abs
Jackknife Sit-ups (V-Up),Abs
Flutter Kick,Abs
Dumbbell Forward Leaning Lunge,"Hip, Leg"
Dumbbell Reverse Lunge,"Hip, Leg"
Dumbbell Pistol Squat,Leg
Standing side bend,"Abs, Back / Wing"
Bent Over Kickback,Triceps
Incline Close-Grip Bench Press,Chest
Close Grip Bench Press,"Chest, Triceps"
Dumbbell Triceps Extension,Triceps
Diamond Push-up,"Calisthenic, Chest, Triceps"
Cable Curl,Biceps
Reverse Wrist Curl,Forearm
Wrist Curl,Forearm
Z-Bar Curl,Biceps
Barbell Upright Row,"Shoulders, Trapezius"
Barbell Front Raise,Shoulders
Bodyweight Bulgarian Split Squat,"Hip, Leg"
Dumbbell Sumo Squat,"Hip, Leg"
Hip Adduction Machine,"Hip, Leg"
Hip Abduction Machine,"Hip, Leg"
Push-Up,"Calisthenic, Chest"
Hammer Press,Chest
Chest Press Machine,Chest
Corner Wall Stretch,"Chest, Shoulders"
Seated Banded Leg Extension,Leg
Hammer Curl with Resistance Band,"Biceps, Forearm"
Band Pushdown (Neutral Grip),Triceps
Barbell Floor Press,Chest
Suspended Ab Fall-out,"Abs, Calisthenic"
TRX Mountain Climber,Abs
Side Plank Knee to Elbow,Abs
Zercher Deadlift,"Hip, Leg"
Supported Pistol Squat,Leg
Landmine Floor Chest Fly,Chest
Barbell Thruster,"Full Body, Leg, Shoulders"
Dumbbell Pull Through,"Erector Spinae, Hip, Leg"
Single Leg Donkey Calf Raise,Calf
Decline Hammer Press,Chest
Jefferson Squat,"Hip, Leg"
Alternating Lying Dumbbell Triceps Extension,Triceps
Barbell Reverse Grip Skullcrusher,Triceps
Barbell Lying Back of the Head Tricep Extension,Triceps
EZ Bar Lying Close Grip Triceps Extension Behind Head,Triceps
Kneeling Cable Triceps Extension,Triceps
Close-Grip Reverse Bench Press,"Chest, Triceps"
One Arm High Pulley Overhead Tricep Extension,Triceps
Cable Crossover Triceps Extension,Triceps
Side One Arm Reverse Pushdown,Triceps
Cable Reverse Grip EZ-bar Biceps Curl,"Biceps, Forearm"
Bodyweight Skull Crushers,"Abs, Calisthenic, Full Body, Triceps"
V-bar Pushdown,Triceps
Cable Rope Lying Tricep Extension,Triceps
Cable Lying Triceps Extension,Triceps
Barbell Lying Close grip Triceps Extension,N/A
Glute Ham Raise,"Erector Spinae, Hip, Leg"
Wide-Grip Reverse Bench Press,Chest
Straddle Planche,"Abs, Calisthenic, Full Body"
TRX Pistol Squat,"Hip, Leg"
Sitting Wide Leg Adductor Stretch,"Hip, Leg"
Standing Wide Knees Adductor Stretch,"Hip, Leg"
Standing Wide Leg Adductor Stretch,"Hip, Leg"
Knee Circles,Leg
Hip Circles,"Hip, Leg"
Parsva Balasana | Thread the Needle Pose,Yoga
One Arm Kettlebell Swing,"Full Body, Hip, Shoulders"
Half Cross Crunch,Abs
Close Grip Knee Push-up,"Chest, Triceps"
Cable Seated Twist on Floor,Abs
Butterfly Sit-up,Abs
Neutral Grip Pull-up,Back / Wing
Standing Reverse Shoulder Stretch,"Biceps, Shoulders"
Resistance Band Bent Over Rear Delt Fly,"Shoulders, Trapezius"
Push-up With Rotation,"Abs, Chest, Erector Spinae"
Side Plank Rotation,"Abs, Erector Spinae"
Resistance Band Overhead Squat,"Hip, Leg"
Medicine ball Overhead Slam,"Back / Wing, Full Body, Shoulders"
Supine Medicine Ball Chest Throw,"Chest, Triceps"
Reverse Dips,"Chest, Triceps"
Trx Chest Press,Chest
Dumbbell Seal Row,Back / Wing
Lever Standing Hip Extension,Hip
Dumbbell Straight Arm Pullover (knees at 90 degrees),Chest
Trx Chest Fly,Chest
Doorway Pec and Shoulder Stretch,"Chest, Shoulders"
Prone Abdominal Hollowing,Abs
Hell Slide,"Abs, Leg"
Wall Ball,"Full Body, Hip, Leg, Shoulders"
Kicks Leg Bent,Hip
Kneeling Leg Out Adductor Stretch,"Hip, Leg"
Resistance Band Pull Apart,"Shoulders, Trapezius"
Half Frog Pose,"Abs, Leg, Yoga"
Happy Baby Pose,"Hip, Leg, Yoga"
Barbell Drag Curl,Biceps
Kettlebell Renegade Row,"Back / Wing, Chest, Full Body"
Push-Up to Renegade Row,"Back / Wing, Chest, Full Body"
Modified Hindu Push-up,"Chest, Full Body"
Knuckle Push-Up,Chest
Full Planche Push-Up,"Calisthenic, Chest, Full Body, Triceps"
Finger Push-up,"Calisthenic, Chest"
Chest Tap Push-up,"Calisthenic, Chest"
Kettlebell Deep Push-Up,Chest
Archer Push-Up,"Calisthenic, Chest, Full Body, Triceps"
One Leg Push-Up,Chest
Medicine Ball Crunch,Abs
Bosu Ball Push-Up,Chest
Resistance Band Alternating Chest Fly,Chest
Kettlebell Figure 8,"Abs, Erector Spinae, Full Body, Hip, Leg"
Smith Machine Hip Thrust,Hip
Resistance Band Hip Thrust,Hip
Resistance Band Hip Thrusts on Knees,Hip
Barbell Finger Curl,Forearm
Dumbbell Finger Curl,Forearm
Dumbbell Renegade Row,"Back / Wing, Full Body"
Ball Russian Twist throw with partner,Abs
Kettlebell Lateral Raise,Shoulders
Barbell Single Leg Deadlift,"Erector Spinae, Hip, Leg"
Dumbbell Single Leg Deadlift,"Erector Spinae, Hip, Leg"
Dumbbell Reverse Grip 30 Degrees Incline Bench Press,Chest
Close Grip Barbell Curl,Biceps
Seated Leg Extension with Resistance Band,Leg
Good Morning With Resistance Band,"Erector Spinae, Leg"
Dumbbell Bench Squat,"Hip, Leg"
Seated Ab Crunch Machine,Abs
Pendulum Squat,"Hip, Leg"
Band Assisted Pull-up,Back / Wing
Dumbbell Windmill,"Abs, Shoulders"
Rolling Like a Ball,Erector Spinae
Dumbbell Iron Cross,"Full Body, Hip, Leg, Shoulders"
Incline Landmine Press,"Chest, Shoulders"
Box Pistol Squat,"Hip, Leg"
Ring Dips,"Calisthenic, Chest, Full Body, Triceps"
Sitting Rotation Hip Stretch,"Hip, Leg"
Supported One Leg Standing Hip Flexor And Knee Extensor Stretch,"Hip, Leg"
Squat mobility Complex,"Hip, Leg"
Cobra Push-up,Chest
Shoulder Tap Push-up,Chest
Single Arm Raise Push-up,"Calisthenic, Chest, Triceps"
Suspended Push-Up,"Chest, Triceps"
Close-grip Dumbbell Push-Up,"Chest, Triceps"
Medicine Ball Push-Up,"Chest, Triceps"
Single-Arm Push-Up on a Medicine Ball,"Chest, Triceps"
Weighted Vest Push-up,Chest
One Arm Cable Bicep Curl,Biceps
Single Arm Reverse Grip Cable Bicep Curl,"Biceps, Forearm"
Assault AirBike,Cardio
Recumbent Exercise Bike,Cardio
Medicine Ball Overhead Throw,"Chest, Shoulders, Triceps"
Standing Medicine Ball Chest Pass,Chest
One Arm Medicine Ball Slam,"Abs, Chest, Full Body, Shoulders"
Barbell Reverse Wrist Curl Over a Bench,Forearm
Water Bottle Hammer Curl,"Biceps, Forearm"
Seated Alternating Dumbbell Curl,Biceps
Dumbbell Single Arm Lateral Raise,Shoulders
Dumbbell Seated Alternate Front Raise,Shoulders
Side Lying Hip Adduction,Hip
Side Hip Abduction,Hip
Side Lying Feet Raise,"Abs, Hip"
Seated Bicep Curl With Resistance Band,Biceps
Dhanurasana | Rocking Bow Pose,"Abs, Erector Spinae, Yoga"
Standing Banded Row,Back / Wing
Rear Drive With Resistance Band,Triceps
One-Arm Biceps Curl With Resistance Band,Biceps
Single Stiff Leg Deadlift With Resistance Band,Hip
Pull through With Resistance Band,Hip
Seated Twist With Resistance Band,Abs
Twist With Resistance Band,Abs
Twist down up With Resistance Band,Abs
Standing incline chest press With Resistance Band,Chest
Swing | Gymstick,"Erector Spinae, Hip, Shoulders"
Standing Straight Leg Raise With Resistance Band,Leg
Standing Leg Raise With Resistance Band,Leg
Standing Leg Extension With Resistance Band,Leg
Standing Leg Curl With Resistance Band,Leg
Side Bend Press | Gymstick,Shoulders
Standing Triceps Extension | Gymstick,Triceps
Single Arm Upright Row | Gymstick,"Shoulders, Trapezius"
Single Leg Reverse Hyperextension | Gymstick,"Erector Spinae, Hip"
Standing Side Bend | Gymstick,Abs
Behind the Head Military Press | Gymstick,Shoulders
Split Squat | Gymstick,"Hip, Leg"
Squat | Gymstick,"Hip, Leg"
Banded Overhead Triceps Extension,Triceps
Overhead Triceps Extension | Gymstick,Triceps
Skier | Gymstick,Shoulders
Banded Lying leg and hip raise,Abs
Banded Lying Leg Curl,Leg
Middle Chest fly With Resistance Band,Chest
Lying Alternate Leg Press | Gymstick,Leg
Kneeling Single Leg Kick | Gymstick,Hip
Banded Jack knife sit-up,Abs
Kneeling Incline Press | Gymstick,Chest
Low Chest Fly With Resistance Band,Chest
Kneeling Pulldown With Resistance Band,Back / Wing
Face Pull With Resistance Band,"Shoulders, Trapezius"
Down to Up Twist |Gymstick,Abs
Bent Over Row | Gymstick,"Back / Wing, Shoulders"
High Chest Fly With Resistance Band,Chest
Bicycle Crunch | Gymstick,Abs
Pin Squat,"Hip, Leg"
The Box Jump,"Cardio, Hip, Leg"
Decline Push-up,Chest
Plank Jacks / Extended Leg,Abs
Battle Rope,"Back / Wing, Cardio, Full Body, Shoulders"
